symbol,label,pressure_side,bucket,n,bid_add_p50,bid_add_p90,bid_add_mean,bid_cxl_p50,bid_cxl_p90,bid_cxl_mean,bid_net_p50,bid_net_p90,bid_net_mean,ask_add_p50,ask_add_p90,ask_add_mean,ask_cxl_p50,ask_cxl_p90,ask_cxl_mean,depth_p50,depth_p90,depth_mean,mid_chg_p50,mid_chg_p90,mid_chg_mean,ticks_p50,ticks_p90,ticks_mean,repl_ratio_p50,repl_ratio_p90,repl_ratio_mean,ask_net_p50,ask_net_p90,ask_net_mean
PF_XBTUSD,LOW,SELL,0-50%,2854,60.4061,121.3556,69.8123,59.8088,124.9477,69.5952,0.2593,8.6832,0.2172,57.4139,131.6573,70.0637,56.8142,133.5855,70.0276,304.4556,352.9876,304.3821,0.0,3.0,0.5487,0.0,3.0,0.8785,0.0,0.0,236.0173,,,
PF_XBTUSD,LOW,SELL,50-90%,385,76.7614,179.1299,97.537,76.9031,181.9047,97.1986,0.4029,10.8206,0.3384,69.6694,153.9647,87.4572,67.7489,157.2869,86.7735,293.8176,331.5105,287.536,0.0,4.0,-0.8091,1.0,9.0,2.9831,0.0,236.6,183.9808,,,
PF_XBTUSD,LOW,SELL,90-95%,181,100.53,227.2351,120.6445,95.2624,217.9237,118.5287,-0.7441,20.1663,2.1158,78.451,170.5139,97.7108,78.3833,178.9234,97.377,288.1686,349.668,288.9787,-1.0,5.0,-2.0331,3.0,11.0,4.5414,0.4639,131.6064,510.667,,,
PF_XBTUSD,LOW,SELL,95-99%,145,130.9595,279.564,155.7166,132.3987,283.4652,160.1043,-3.0008,24.7345,-4.3877,112.9951,226.7378,125.9536,107.811,224.584,124.0579,279.8338,334.0289,270.9425,-4.0,1.6,-5.1931,5.0,19.0,7.669,10.636,183.4514,250.2552,,,
PF_XBTUSD,LOW,SELL,top-1%,35,136.1279,400.968,210.2257,157.3711,363.2624,212.556,-0.4169,39.3114,-2.3302,132.9803,222.2469,146.4413,133.6992,236.2104,155.7754,238.6324,326.1657,234.0357,-5.0,1.6,-11.9143,7.0,25.5,13.0286,86.6098,419.6055,285.5734,,,
PF_XBTUSD,LOW,BUY,0-50%,3014,60.9359,144.6993,74.5736,60.4741,146.1595,74.7774,,,,56.0962,123.1369,67.1601,55.5518,127.6356,66.7776,303.6731,350.9216,303.6002,0.0,0.0,-0.6215,0.0,3.0,0.9846,0.0,0.0,20.9998,0.1667,9.3707,0.3825
PF_XBTUSD,LOW,BUY,50-90%,226,71.3505,167.6521,90.4927,69.3979,154.0397,86.9915,,,,90.5636,181.0024,102.1599,89.377,180.1148,100.4459,286.0842,338.0269,282.5183,2.0,6.75,1.6659,2.5,8.0,3.4535,0.0,210.4775,291.5293,0.9714,17.2624,1.7141
PF_XBTUSD,LOW,BUY,90-95%,180,95.0526,184.8935,112.861,92.7143,199.9569,114.517,,,,113.9128,202.0686,125.0024,115.0974,211.3017,128.081,278.1342,340.1469,275.2718,3.0,9.1,2.25,4.0,11.0,5.9167,0.0,95.9219,137.906,-1.4257,17.172,-3.0786
PF_XBTUSD,LOW,BUY,95-99%,145,100.0224,244.3703,128.7923,99.86,223.1228,123.7097,,,,132.9926,261.2502,149.724,133.6992,276.806,151.6773,288.6193,331.4606,278.2237,4.0,12.6,4.3345,5.0,14.0,6.8448,4.8364,929.0667,3034.5503,-1.8744,14.3074,-1.9533
PF_XBTUSD,LOW,BUY,top-1%,35,113.4271,210.1436,124.6755,113.5399,237.4141,130.4047,,,,123.679,203.3134,142.5112,131.1658,262.2269,151.8876,301.9612,384.9069,297.1222,4.0,16.6,5.1,5.0,16.6,6.8714,266.4222,6030.2117,8260.7643,-5.069,14.671,-9.3764
PF_XBTUSD,MEDIAN,SELL,0-50%,3107,59.0753,137.0385,71.015,58.4673,137.0312,70.3233,0.161,9.2347,0.6917,53.0275,141.4992,68.3577,51.8291,144.1195,68.1753,318.7043,346.0647,316.9356,0.0,2.2,0.6944,0.0,3.0,0.8814,0.0,0.0,165.2228,,,
PF_XBTUSD,MEDIAN,SELL,50-90%,135,87.5927,178.156,101.9129,85.2544,185.5416,101.7416,-0.513,11.5188,0.1713,72.6489,157.8511,86.1733,68.1713,168.9082,84.6501,303.3637,338.5735,305.6767,-2.0,2.0,-1.4852,2.0,6.3,2.8481,0.0,1094.8,4677.0952,,,
PF_XBTUSD,MEDIAN,SELL,90-95%,178,105.828,218.0955,125.5438,108.3209,237.2864,128.0103,0.6093,14.3174,-2.4665,87.7719,169.9372,100.9525,87.9789,172.4208,101.2641,306.1617,338.908,303.2267,-3.0,2.0,-2.9831,4.0,11.0,4.7627,0.0,148.3642,181.2769,,,
PF_XBTUSD,MEDIAN,SELL,95-99%,143,149.2878,301.1133,177.8782,154.1272,304.929,187.7864,-4.9204,9.72,-9.9082,104.2078,223.7824,128.4743,106.9108,221.6336,131.066,291.4466,331.1415,286.7238,-7.0,0.0,-8.0105,7.5,17.2,8.9965,0.8841,81.7488,401.6948,,,
PF_XBTUSD,MEDIAN,SELL,top-1%,37,103.1629,405.2931,165.6689,105.9633,380.8792,169.4634,-0.8352,18.1428,-3.7946,102.127,285.2562,137.3342,98.9791,321.0182,143.9837,309.5375,342.8447,293.9086,-2.0,2.0,-5.3108,3.0,19.9,8.6622,37.3435,245.3583,125.0131,,,
PF_XBTUSD,MEDIAN,BUY,0-50%,3006,59.6826,148.4898,75.2116,58.9277,148.7842,74.9224,,,,52.5322,124.5973,64.6423,51.4865,128.0017,63.9977,317.6815,345.1456,315.5773,0.0,0.0,-0.6475,0.0,3.0,0.9612,0.0,0.0,161.2435,0.1968,7.8591,0.6446
PF_XBTUSD,MEDIAN,BUY,50-90%,234,82.828,185.8514,101.1771,87.8953,184.8126,102.6249,,,,98.2521,232.9452,118.7554,101.2847,224.4012,120.1055,313.5774,343.1002,310.9779,2.0,9.0,2.8412,2.0,9.0,3.5923,0.0,207.7425,315.7585,-0.8334,19.2144,-1.35
PF_XBTUSD,MEDIAN,BUY,90-95%,160,91.1453,188.9917,110.2844,90.6462,200.6239,111.476,,,,98.4263,220.6247,127.1971,103.1584,225.3746,132.2688,311.9424,344.0294,305.1848,3.0,10.55,3.6844,3.75,11.0,5.2094,0.0548,681.9769,664.2684,-1.389,6.897,-5.0717
PF_XBTUSD,MEDIAN,BUY,95-99%,164,76.2054,187.0067,96.2154,77.7307,184.6583,96.795,,,,75.3136,197.5007,103.0629,74.4662,215.8647,105.6968,315.5136,348.6999,313.5164,1.0,10.0,2.8018,2.0,10.7,3.9787,7.0435,309.6411,377.4342,-0.6104,8.5738,-2.6339
PF_XBTUSD,MEDIAN,BUY,top-1%,36,125.3577,243.5289,142.4686,126.7294,247.9016,144.3814,,,,155.2159,348.2563,169.0606,164.5488,356.2244,176.7867,290.4508,338.767,283.2016,7.0,21.5,8.9583,7.0,21.5,10.0139,41.0003,24661.7293,14231.1793,0.4097,15.9015,-7.726
PF_XBTUSD,HIGH,SELL,0-50%,2748,79.1765,167.1969,93.1178,76.5851,168.9874,91.8226,0.6347,14.5015,1.2951,68.9698,162.2657,86.0994,68.1738,163.8021,86.0887,376.8973,421.5668,367.9974,0.0,6.0,1.0222,1.0,7.0,2.5031,0.0,9.6118,699.838,,,
PF_XBTUSD,HIGH,SELL,50-90%,492,118.5637,234.2497,135.2963,123.1876,246.8905,140.1945,-2.1597,20.6415,-4.8982,88.7258,175.1387,104.3217,86.9919,193.3324,104.5895,368.7407,415.1339,360.1238,-3.0,4.0,-3.0285,4.0,10.45,5.0325,0.0,260.05,936.5578,,,
PF_XBTUSD,HIGH,SELL,90-95%,180,111.406,275.6017,144.894,111.3367,295.1362,146.9937,-0.6342,15.5101,-2.0997,92.3106,214.8545,113.3264,90.8108,220.6286,113.8104,377.1548,418.1886,369.627,-0.5,8.0,-1.5278,4.5,12.05,5.2167,4.9475,263.7275,144.0115,,,
PF_XBTUSD,HIGH,SELL,95-99%,144,108.7403,254.59,141.0294,104.6015,277.9001,146.028,-1.355,17.849,-4.9986,82.1612,193.9363,106.9066,79.4972,196.184,105.8268,392.1466,427.4035,376.1009,-2.0,2.5,-3.5451,4.0,12.7,5.3646,3.862,168.9984,118.9845,,,
PF_XBTUSD,HIGH,SELL,top-1%,36,129.3321,396.8348,211.8573,134.1527,416.7965,205.6838,-0.2642,80.8824,6.1735,109.7627,313.5385,146.4254,108.6197,289.0516,139.0315,345.8287,397.4882,338.8267,-7.5,1.25,-8.3611,8.25,16.5,9.8333,8.0848,1023.9971,551.3704,,,
PF_XBTUSD,HIGH,BUY,0-50%,2173,84.9029,192.734,104.0863,84.0129,195.4209,104.0952,,,,70.6585,149.1321,82.2957,68.6523,150.2406,81.0773,371.4557,420.3055,362.5932,0.0,3.0,-1.0582,1.0,7.0,2.593,0.0,0.0,168.9473,0.4445,13.1946,1.2184
PF_XBTUSD,HIGH,BUY,50-90%,1067,76.4013,170.0793,94.2609,75.9673,176.4615,94.8843,,,,70.1824,172.3967,89.6994,69.7077,176.6884,90.614,386.5537,422.8279,379.2697,0.0,7.0,0.8215,2.0,8.0,3.1963,0.0,171.8537,554.4909,0.0779,10.6711,-0.9146
PF_XBTUSD,HIGH,BUY,90-95%,180,112.9165,233.5246,131.5119,109.2368,229.1484,125.8249,,,,130.7109,231.9689,139.686,132.0621,240.2875,144.5399,380.5547,418.4783,367.9991,4.0,12.1,4.275,5.0,13.0,5.9583,0.0,249.9138,178.1235,-2.4557,15.4599,-4.8538
PF_XBTUSD,HIGH,BUY,95-99%,144,109.8455,242.0726,132.7999,110.8655,258.4447,131.205,,,,122.8179,276.8553,146.9547,123.8417,285.5035,149.1208,358.2918,412.1127,351.1407,4.0,12.0,3.8077,5.0,12.4,5.9196,9.7903,2691.0,3474.3976,-0.1703,17.6541,-2.166
PF_XBTUSD,HIGH,BUY,top-1%,36,173.1013,331.0657,192.1684,173.4521,347.458,200.372,,,,166.8231,418.5326,226.3663,171.9876,476.7612,233.42,352.1672,401.7893,331.3077,5.25,28.5,9.4583,7.75,28.5,12.5972,33.326,20820.3749,26547.4058,-3.7579,40.2762,-7.0537
PF_ETHUSD,LOW,SELL,0-50%,2992,490.9875,2180.9943,831.0078,445.8955,2175.5366,804.6627,6.219,462.8359,26.345,492.56,2331.1056,890.3658,457.313,2318.7996,884.8322,2971.7615,3586.2436,2941.7001,0.0,0.2,0.03,0.0,2.5,0.8527,0.0,0.0,25.3296,,,
PF_ETHUSD,LOW,SELL,50-90%,238,1124.3565,3068.7478,1412.3163,1352.884,3107.7174,1537.8156,-38.2885,242.827,-125.4994,826.2555,2718.7783,1168.4632,869.2385,2652.9814,1178.3248,2754.8855,3414.5341,2728.1823,-0.1,0.15,-0.1164,1.75,4.0,1.9958,0.0,60.9184,83.526,,,
PF_ETHUSD,LOW,SELL,90-95%,190,1401.869,3527.3342,1660.2113,1466.0425,3420.2122,1654.972,-2.9315,645.2204,5.2393,981.2565,2682.9521,1316.3801,992.9575,2673.4915,1277.4986,2644.6965,3398.1053,2636.6327,-0.1,0.15,-0.1134,1.5,6.0,2.3289,0.6336,129.1635,174.2848,,,
PF_ETHUSD,LOW,SELL,95-99%,144,1997.442,4362.0411,2356.481,2241.9715,4379.2839,2535.2571,-30.371,571.1832,-178.776,1715.961,3905.2823,2104.1155,1691.4705,3936.0036,2128.8816,2384.94,3218.0928,2353.1105,-0.25,0.17,-0.2181,3.0,7.0,3.5556,4.2841,215.0564,748.8009,,,
PF_ETHUSD,LOW,SELL,top-1%,36,3267.192,5651.2925,3568.2619,3834.807,6623.8115,4149.2224,-32.692,543.064,-580.9605,2607.1015,4766.085,2982.7253,3579.8775,5544.4585,3410.3266,1646.1535,2368.021,1538.887,-0.475,0.45,-0.7083,5.5,13.75,9.5,7.3163,142.7032,157.2841,,,
PF_ETHUSD,LOW,BUY,0-50%,3021,488.399,2290.974,880.7314,439.886,2294.702,878.5943,,,,467.634,2179.767,820.969,431.047,2144.444,799.5836,2974.563,3590.184,2942.2793,0.0,0.1,-0.0364,0.0,2.5,0.8733,0.0,0.0,19.1795,4.819,520.47,21.3854
PF_ETHUSD,LOW,BUY,50-90%,221,1021.299,2995.578,1347.5693,1020.904,2707.033,1372.3981,,,,1332.204,3087.814,1554.7556,1415.492,3248.245,1664.9583,2696.535,3462.497,2697.222,0.1,0.45,0.1357,2.0,5.0,2.3756,0.0,218.0,262.1589,-17.453,551.803,-110.2027
PF_ETHUSD,LOW,BUY,90-95%,178,1100.3685,3208.7197,1531.0121,1088.7285,3023.4143,1465.9287,,,,1494.523,3457.4017,1814.3856,1543.652,3853.5525,1870.1829,2516.3395,3346.279,2525.9381,0.1,0.4,0.1098,1.5,5.0,2.1601,1.5573,129.7941,82.1057,-10.523,728.0987,-55.7973
PF_ETHUSD,LOW,BUY,95-99%,144,1662.044,4089.7451,2065.6454,1705.034,4041.8037,2067.819,,,,2328.623,4072.9133,2377.5029,2419.147,4508.1494,2483.3111,2263.9115,3318.1609,2320.3628,0.2,0.7,0.1868,3.0,7.5,4.0069,4.4737,95.2784,113.8934,-44.6325,944.9861,-105.8082
PF_ETHUSD,LOW,BUY,top-1%,36,1892.916,4066.1635,2146.1651,2023.7605,4624.2815,2394.7283,,,,3173.382,5301.1135,3152.2842,3140.149,5998.8245,3497.9862,2280.797,2902.8005,2156.1494,0.3,1.175,0.475,3.25,11.75,5.5,5.0427,338.7813,2649.3103,-207.268,460.8245,-345.702
PF_ETHUSD,MEDIAN,SELL,0-50%,3223,284.087,2081.9078,631.2724,268.581,2087.916,625.831,1.788,147.0034,5.4414,291.092,2119.0152,680.4232,274.203,2122.6166,682.6944,3567.836,4134.2282,3532.1489,0.0,0.15,0.0285,0.0,2.0,0.5636,0.0,0.0,64.0814,,,
PF_ETHUSD,MEDIAN,SELL,50-90%,12,624.8725,2074.1487,870.7509,223.191,1603.5847,701.3727,11.224,113.8262,169.3782,930.8245,2226.6508,1077.1897,450.677,2600.5578,1009.4322,3525.948,4117.7893,3563.9798,0.0,0.375,0.0667,0.0,3.8,1.0833,0.0,34.905,23.3105,,,
PF_ETHUSD,MEDIAN,SELL,90-95%,185,1049.839,2808.2922,1411.6853,1240.21,2912.7218,1477.9951,-40.073,135.2746,-66.3098,939.034,2654.6252,1209.6517,1023.564,2522.7976,1202.4839,3339.567,3868.5102,3256.3777,-0.2,0.0,-0.2264,2.0,4.5,2.4375,0.0,26.9701,25.2671,,,
PF_ETHUSD,MEDIAN,SELL,95-99%,144,1484.437,3910.4766,1747.8904,1468.573,4027.9476,1763.3473,-5.3245,195.7161,-15.4569,1283.7115,3656.3086,1621.1204,1297.6495,3486.1249,1591.6495,3052.7205,3900.4407,3027.9598,-0.2,0.2,-0.1514,2.25,6.5,3.0417,0.9168,111.5243,69.2795,,,
PF_ETHUSD,MEDIAN,SELL,top-1%,36,1875.403,8348.507,3293.1103,1996.688,8710.4495,3425.5449,-15.562,881.163,-132.4347,1638.4135,5057.112,2189.9359,1477.197,4039.594,2133.6827,2464.851,3837.8555,2451.331,-0.35,0.025,-0.6222,3.75,15.25,7.0278,23.2135,952.5045,7773.2182,,,
PF_ETHUSD,MEDIAN,BUY,0-50%,3084,269.343,2082.4079,624.0881,254.4655,2089.8833,622.8809,,,,271.712,2027.8293,611.3773,257.987,2019.8876,600.24,3570.6595,4126.5271,3528.045,0.0,0.05,-0.0237,0.0,2.0,0.5277,0.0,0.0,6.6489,1.558,177.7974,11.1373
PF_ETHUSD,MEDIAN,BUY,50-90%,156,874.6685,2425.526,1139.5749,834.979,2864.731,1207.663,,,,895.409,2867.005,1327.8529,977.944,2993.802,1414.4304,3399.7145,4152.4345,3385.8126,0.1,0.325,0.1327,1.5,3.5,1.8462,0.0,48.785,111.0616,-13.8505,198.359,-86.5775
PF_ETHUSD,MEDIAN,BUY,90-95%,182,1024.396,2879.378,1361.7389,993.717,2841.6757,1275.5379,,,,1182.4565,2993.6738,1484.9228,1184.7125,2917.2979,1415.7211,3329.361,4109.3755,3284.2854,0.1,0.4,0.0816,2.0,4.45,2.1841,6.7014,296.8,610.6731,-1.1225,804.6515,69.2017
PF_ETHUSD,MEDIAN,BUY,95-99%,142,1482.498,3400.6337,1701.8907,1573.628,3261.6845,1722.5331,,,,1657.1835,3895.1312,1931.579,1924.6945,3890.3473,2025.5326,3257.7535,3984.3593,3178.6555,0.2,0.6,0.1944,2.0,6.0,2.9296,11.2653,278.8374,2185.1322,-26.928,239.7694,-93.9536
PF_ETHUSD,MEDIAN,BUY,top-1%,36,1826.488,3865.8925,2346.7691,2152.891,3835.583,2500.9142,,,,2581.4545,5991.549,2911.726,2698.103,7191.2585,3439.6895,2689.349,3814.3015,2661.1449,0.25,1.55,0.4625,3.5,18.5,6.6806,36.485,1157.323,1167.7325,-141.4845,237.438,-527.9635
PF_ETHUSD,HIGH,SELL,0-50%,3138,568.7905,2073.6703,830.1376,551.871,2119.608,827.979,1.6895,157.7293,2.1585,619.435,2316.5918,945.8204,618.6885,2302.1846,948.1747,2797.782,3406.3837,2729.1661,0.0,0.3,0.0332,1.0,3.0,1.1467,0.0,0.0,24.9062,,,
PF_ETHUSD,HIGH,SELL,50-90%,99,1169.18,2725.973,1420.1609,1210.529,2975.4172,1456.674,-9.546,132.1386,-36.5131,1119.017,2667.0576,1356.2748,1183.425,2784.1998,1340.2845,2504.443,3264.6868,2492.517,-0.2,0.0,-0.2086,2.0,4.0,2.4495,0.0,95.2528,54.7319,,,
PF_ETHUSD,HIGH,SELL,90-95%,183,1060.109,3049.0344,1444.2441,1052.452,3002.2016,1432.7494,-1.397,222.4224,11.4947,1083.146,3043.4596,1473.5425,1060.399,2844.4126,1469.3449,2614.521,3362.936,2546.8875,-0.2,0.1,-0.1522,2.0,5.0,2.489,0.0,59.481,67.3651,,,
PF_ETHUSD,HIGH,SELL,95-99%,144,1723.3765,3497.846,1939.0459,1674.1605,3519.5237,1924.7635,-9.387,312.8945,14.2824,1662.0465,3331.7117,1997.0888,1619.0415,3292.2603,1939.8247,2539.0995,3321.4901,2494.0616,-0.2,0.1,-0.1865,2.0,5.5,2.9826,1.041,125.5959,215.5866,,,
PF_ETHUSD,HIGH,SELL,top-1%,36,3466.62,7436.3605,3732.6486,3780.9585,7546.106,3857.9389,-64.253,242.0595,-125.2903,2394.201,4946.9115,2632.7162,2364.302,4635.6555,2621.8731,1981.1235,2727.5965,1995.2058,-0.5,0.0,-0.5819,5.0,12.5,6.0139,5.5004,221.2974,89.9531,,,
PF_ETHUSD,HIGH,BUY,0-50%,3000,571.0365,2193.2495,880.761,557.8415,2236.5386,879.9416,,,,604.1135,2263.1562,922.9458,608.1605,2223.8078,916.99,2776.7215,3409.43,2708.1508,0.0,0.2,-0.0262,1.0,3.0,1.1573,0.0,0.0,5.2787,0.733,155.0415,5.9558
PF_ETHUSD,HIGH,BUY,50-90%,218,1106.5565,2502.1993,1370.1461,1085.375,2453.5102,1329.6213,,,,1488.952,3390.4901,1759.3969,1510.7295,3369.591,1735.3385,2729.7025,3408.8217,2647.5985,0.2,0.4,0.1855,2.0,5.0,2.477,0.0,123.288,189.1898,-6.0065,243.729,24.0584
PF_ETHUSD,HIGH,BUY,90-95%,202,733.101,2490.7083,1031.5357,695.863,2401.1337,1034.5351,,,,882.9555,2605.9718,1215.692,890.0115,2563.9134,1236.6078,2842.6055,3255.5258,2722.0604,0.0,0.3,0.0356,1.5,4.0,1.8218,0.0,207.5129,243.4682,0.363,183.9689,-20.9159
PF_ETHUSD,HIGH,BUY,95-99%,144,1175.013,2695.6503,1421.0513,1219.416,2714.0146,1433.1686,,,,1487.832,3246.0221,1723.8706,1521.098,3330.8544,1779.013,2698.5385,3387.5142,2670.1884,0.2,0.5,0.1622,2.0,5.0,2.4757,0.0,79.9848,42.9349,-16.399,264.7292,-55.1424
PF_ETHUSD,HIGH,BUY,top-1%,36,1467.3765,4041.144,1930.1613,1589.606,5447.129,2100.5317,,,,2560.0685,7020.742,3002.2055,1744.4285,7633.4375,3206.2854,2090.592,2958.0815,1998.4169,0.15,1.625,0.4417,2.5,16.25,5.7222,6.5834,358.4042,492.8299,-33.1945,532.625,-204.0799
